"id","site","job_url","job_url_direct","title","company","location","date_posted","job_type","salary_source","interval","min_amount","max_amount","currency","is_remote","job_level","job_function","listing_type","emails","description","company_industry","company_url","company_logo","company_url_direct","company_addresses","company_num_employees","company_revenue","company_description","skills","experience_range","company_rating","company_reviews_count","vacancy_count","work_from_home_type"
"in-8d6a121888ebdfab","indeed","https://ch.indeed.com/viewjob?jk=8d6a121888ebdfab","https://groupemutuel.csod.com/ux/ats/careersite/4/home/requisition/4020?c=groupemutuel&lang=fr-FR","Responsable Data Transformation & AI Center of Excellence (h/f) 80-100%","Groupe Mutuel","Lausanne, VD, CH","2026-05-06","","","","","","",False,"","","","","En tant que Responsable Data Transformation \\& AI CoE, tu es l’un des piliers de la transformation Data et AI du Groupe Mutuel. Ton rôle est double : orchestrer la transformation transverse de nos départements Data afin de garantir une coordination et des synergies alignées avec nos ambitions, et piloter le Center of Excellence (CoE) IA. Tu agis en véritable facilitateur pour lever les barrières technologiques et humaines, en veillant à ce que nos ambitions en data et en intelligence artificielle se traduisent par des résultats concrets et mesurables. Intéressé/e ? Postule et fais\\-toi connaître de nos spécialistes en recrutement.


### **TA MISSION**


* Afin de garantir une coordination fluide et de maximiser les synergies, tu orchestres la transformation transverse des départements Data
* Tu assures l’alignement entre les initiatives Data, les enjeux métiers et les objectifs stratégiques du Groupe
* Tu pilotes et fais évoluer le Center of Excellence (CoE) AI mis en place, en développant un portefeuille de cas d’usage à forte valeur ajoutée avec les métiers
* Pour faire avancer les projets clés, tu soutiens la priorisation, l’arbitrage et la sécurisation des ressources nécessaires (humaines, techniques, budgétaires)
* Véritable relais de transformation, tu accompagnes la montée en maturité de l’entreprise sur l’IA en diffusant la vision et en soutenant le changement
* Enfin, tu mesures la valeur des initiatives Data \\& AI, assures un reporting clair à la direction et contribues à la prise de décision stratégique


#### **Tes qualités**

* Profil hybride, tu es capable d’évoluer aussi bien avec des interlocuteurs business qu’avec des équipes techniques
* Grâce à ton leadership d’influence, tu sais embarquer des équipes transverses sans lien hiérarchique direct
* À l’aise dans des environnements complexes, tu pilotes des projets Data \\& AI impliquant des enjeux stratégiques et techniques
* Doté d’une forte capacité d’analyse, tu sais exploiter des KPIs complexes et vulgariser des sujets techniques auprès de la direction
* Curieux et en veille permanente, tu t’intéresses activement aux évolutions de l’écosystème IA et données
* Structuré et rigoureux, tu assures un cadre clair et fais avancer les projets avec méthode
* Tu maîtrises le français et l’anglais (C1\\)


#### **Ton expérience**


* Tu disposes d’un diplôme d’ingénieur/e, d’une école de commerce ou d’un Master spécialisé en Data/IA, ou d’une expérience jugée équivalente
* En justifiant d’au moins 6 ans d’expérience en conseil ou en rôle de Lead PMO dans un environnement technologique, tu pilotes des initiatives complexes avec une exécution structurée
* Avec une bonne compréhension des environnements Cloud (Azure, AWS ou GCP) et d’outils comme Databricks ou Fabric, tu échanges efficacement avec les équipes techniques

Parce que tu as déjà mené des projets complexes impliquant des modèles de Machine Learning ou de l’IA générative, tu accompagnes le passage de l’expérimentation à l’industrialisation  
* 


#### **Pour nous rejoindre**


* Partage\\-nous ton vécu avec ton CV
  

Fonction : Responsable Data Transformation \\& AI Center of Excellence N08

  



### **Pourquoi rejoindre notre équipe?**


Si toi aussi tu aimes l’entre\\-aide, la bienveillance et la proactivité, tu es à la bonne place !  

Ici, au Groupe Mutuel, nous t’offrons la possibilité d’exercer une activité variée tout en favorisant un environnement de travail stimulant qui concilie ta vie privée ainsi que professionnelle. Tu te retrouveras dans une équipe où travail, rigueur mais surtout plaisir sont les mots d’ordre.  

  

**Entrée en fonction:** Aussi vite que possible, mais aussi lentement que nécessaire!


  
### **AVANTAGES**


##### **Perfectionnement**


Formations continues, à l'interne comme à l'externe.


##### **Evolution**


Opportunités d'évolution au sein de l'entreprise.


##### **Motivation**


Environnement de travail agréable et entrepreneurial.


##### **Work\\-life balance**


Conciliation vie professionnelle et vie privée.


##### **Avantages sociaux**


Conditions sociales d'une grande entreprise.","","https://ch.indeed.com/cmp/Groupe-Mutuel","https://d2q79iu7y748jz.cloudfront.net/s/_squarelogo/256x256/2c590e3b20ed5b2f5af79bdb8aa45a9c","","","Decline to state","$5B to $10B (USD)","As an employer, Groupe Mutuel values personal commitment, innovation and initiative. Its head office is in Martigny, but career opportunities are available throughout Switzerland.","","","","","",""
"in-b73d025f5248242a","indeed","https://ch.indeed.com/viewjob?jk=b73d025f5248242a","https://groupemutuel.csod.com/ux/ats/careersite/4/home/requisition/4020?c=groupemutuel&lang=de-DE","Responsable Data Transformation & AI Center of Excellence (h/f) 80-100%","Groupe Mutuel","Lausanne, VD, CH","2026-05-06","","","","","","",False,"","","","","En tant que Responsable Data Transformation \\& AI CoE, tu es l’un des piliers de la transformation Data et AI du Groupe Mutuel. Ton rôle est double : orchestrer la transformation transverse de nos départements Data afin de garantir une coordination et des synergies alignées avec nos ambitions, et piloter le Center of Excellence (CoE) IA. Tu agis en véritable facilitateur pour lever les barrières technologiques et humaines, en veillant à ce que nos ambitions en data et en intelligence artificielle se traduisent par des résultats concrets et mesurables. Intéressé/e ? Postule et fais\\-toi connaître de nos spécialistes en recrutement.


### **TA MISSION**


* Afin de garantir une coordination fluide et de maximiser les synergies, tu orchestres la transformation transverse des départements Data
* Tu assures l’alignement entre les initiatives Data, les enjeux métiers et les objectifs stratégiques du Groupe
* Tu pilotes et fais évoluer le Center of Excellence (CoE) AI mis en place, en développant un portefeuille de cas d’usage à forte valeur ajoutée avec les métiers
* Pour faire avancer les projets clés, tu soutiens la priorisation, l’arbitrage et la sécurisation des ressources nécessaires (humaines, techniques, budgétaires)
* Véritable relais de transformation, tu accompagnes la montée en maturité de l’entreprise sur l’IA en diffusant la vision et en soutenant le changement
* Enfin, tu mesures la valeur des initiatives Data \\& AI, assures un reporting clair à la direction et contribues à la prise de décision stratégique


#### **Tes qualités**

* Profil hybride, tu es capable d’évoluer aussi bien avec des interlocuteurs business qu’avec des équipes techniques
* Grâce à ton leadership d’influence, tu sais embarquer des équipes transverses sans lien hiérarchique direct
* À l’aise dans des environnements complexes, tu pilotes des projets Data \\& AI impliquant des enjeux stratégiques et techniques
* Doté d’une forte capacité d’analyse, tu sais exploiter des KPIs complexes et vulgariser des sujets techniques auprès de la direction
* Curieux et en veille permanente, tu t’intéresses activement aux évolutions de l’écosystème IA et données
* Structuré et rigoureux, tu assures un cadre clair et fais avancer les projets avec méthode
* Tu maîtrises le français et l’anglais (C1\\)


#### **Ton expérience**


* Tu disposes d’un diplôme d’ingénieur/e, d’une école de commerce ou d’un Master spécialisé en Data/IA, ou d’une expérience jugée équivalente
* En justifiant d’au moins 6 ans d’expérience en conseil ou en rôle de Lead PMO dans un environnement technologique, tu pilotes des initiatives complexes avec une exécution structurée
* Avec une bonne compréhension des environnements Cloud (Azure, AWS ou GCP) et d’outils comme Databricks ou Fabric, tu échanges efficacement avec les équipes techniques

Parce que tu as déjà mené des projets complexes impliquant des modèles de Machine Learning ou de l’IA générative, tu accompagnes le passage de l’expérimentation à l’industrialisation  
* 


#### **Pour nous rejoindre**


* Partage\\-nous ton vécu avec ton CV
  

Fonction : Responsable Data Transformation \\& AI Center of Excellence N08

  



### **Pourquoi rejoindre notre équipe?**


Si toi aussi tu aimes l’entre\\-aide, la bienveillance et la proactivité, tu es à la bonne place !  

Ici, au Groupe Mutuel, nous t’offrons la possibilité d’exercer une activité variée tout en favorisant un environnement de travail stimulant qui concilie ta vie privée ainsi que professionnelle. Tu te retrouveras dans une équipe où travail, rigueur mais surtout plaisir sont les mots d’ordre.  

  

**Entrée en fonction:** Aussi vite que possible, mais aussi lentement que nécessaire!


  
### **Vorteile**


##### **Weiterbildung**


Teilnahme an internen und externen Weiterbildungen.


##### **Entwicklung**


Vielfältige Entwicklungsmöglichkeiten im Unternehmen.


##### **Motivation**


Angenehmes und lebendiges Arbeitsumfeld.


##### **Work\\-Life Balance**


Ausgewogenes Verhältnis zwischen Beruf und Privatleben.


##### **Sozialleistungen**


Sozialleistungen eines Grossunternehmens.","","https://ch.indeed.com/cmp/Groupe-Mutuel","https://d2q79iu7y748jz.cloudfront.net/s/_squarelogo/256x256/2c590e3b20ed5b2f5af79bdb8aa45a9c","","","Decline to state","$5B to $10B (USD)","As an employer, Groupe Mutuel values personal commitment, innovation and initiative. Its head office is in Martigny, but career opportunities are available throughout Switzerland.","","","","","",""
"in-f16d1d318fe57b8f","indeed","https://ch.indeed.com/viewjob?jk=f16d1d318fe57b8f","https://careers.caterpillar.com/en/jobs/r0000367006/data-scientist/","Data Scientist","Caterpillar","Genève, GE, CH","2026-05-04","fulltime","","","","","",False,"","","","","**Career Area:**


Technology, Digital and Data**Job Description:**

**Your Work Shapes the World at Caterpillar Inc.**

When you join Caterpillar, you're joining a global team who cares not just about the work we do – but also about each other. We are the makers, problem solvers, and future world builders who are creating stronger, more sustainable communities. We don't just talk about progress and innovation here – we make it happen, with our customers, where we work and live. Together, we are building a better world, so we can all enjoy living in it.

**Role Summary:**  

Performs analytical tasks and initiatives on huge amount of data to support data\\-driven business decision and development.

**What you will do:**

* Directing the data gathering, data mining, and data processing processes in huge volume; creating appropriate data models.
* Exploring, promoting, and implementing semantic data capabilities through Natural Language Processing, text analysis and machine learning techniques.
* Leading to define requirements and scope of data analyses; presenting and reporting possible business insights to management using data visualization technologies.
* Conducting research on data model optimization and algorithms to improve effectiveness and accuracy on data analyses.

**What you will have:**

* Business Statistics: Knowledge of the statistical tools, processes, and practices to describe business results in measurable scales; ability to use statistical tools and processes to assist in making business decisions.
* Accuracy and Attention to Detail: Understanding the necessity and value of accuracy; ability to complete tasks with high levels of precision.
* Analytical Thinking: Knowledge of techniques and tools that promote effective analysis; ability to determine the root cause of organizational problems and create alternative solutions that resolve these problems.
* Machine Learning: Knowledge of principles, technologies and algorithms of machine learning; ability to develop, implement and deliver related systems, products and services.
* Programming Languages: Knowledge of basic concepts and capabilities of programming; ability to use tools, techniques and platforms in order to write and modify programming languages.
* Query and Database Access Tools: Knowledge of data management systems; ability to use, support and access facilities for searching, extracting and formatting data for further use.
* Requirements Analysis: Knowledge of tools, methods, and techniques of requirement analysis; ability to elicit, analyze and record required business functionality and non\\-functionality requirements to ensure the success of a system or software development project.

**Additional Information:**

* A valid Swiss work permit or Swiss or EU\\-25/EFTA citizenship is required for this position.
* This role requires up to 5% of business travel time.


This position requires working onsite five days a week.
Visa Sponsorship is not available for this position.**Posting Dates:**


Caterpillar is an Equal Opportunity Employer. Qualified applicants of any age are encouraged to apply


Not ready to apply? Join our Talent Community.","","https://ch.indeed.com/cmp/Caterpillar","https://d2q79iu7y748jz.cloudfront.net/s/_squarelogo/256x256/d3e825c278e7be9e72d1128c01b02473","http://www.caterpillar.com","Irving, TX","10,000+","more than $10B (USD)","Caterpillar is the world's leading manufacturer of diesel and natural gas engines, diesel-electric locomotives, industrial gas turbines, and construction and mining equipment.","","","","","",""
"in-5295400ba4a3cf70","indeed","https://ch.indeed.com/viewjob?jk=5295400ba4a3cf70","https://jobs.unibe.ch/job-vacancies/2-phd-positions-in-planetary-science-and-machine-learning/66d46974-5dad-49c6-b81b-f953182e8285","2 PhD positions in planetary science and machine learning","Universität Bern","Bern, BE, CH","2026-05-04","fulltime","","","","","",False,"","","","yann.alibert@unibe.ch, yann.alibert@unibe.ch, yann.alibert@unibe.ch","About the position


We seek qualified candidates for two 4\\-year PhD positions in exoplanet science in the research group of Prof. Yann Alibert (University of Bern), focusing on the internal structure, formation and architecture of planetary systems, in particular with the help of machine learning (ML) and artificial intelligence (AI) as developed in the AI4exoplanets group. The PhD positions will be part of TAPS (Theoretical Astrophysics and Planetary Science \\- Prof. Yann Alibert, Prof. Chistoph Mordasini, Dr. Martin Jutzi) at the Space Research \\& Planetary Sciences division of the Physics Institute of the University of Bern. Frequent interactions with the Centre for Space and Habitability (University of Bern) and Institutes part of SIPS (Swiss Institute for Planetary Sciences) are foreseen.
Your profile


The ideal candidate will have a bachelor's and master's degree in physics, astrophysics, planetary science or equivalent. Experience with data analysis, ML and AI methods is an advantage. Candidates should be enthusiastic, persistent, communicative and willing to integrate into the teams in Bern and the Swiss landscape (TAPS, CSH and SIPS). The research will consist of a combination of numerical modelling of the physics of planetary system formation and development of ML and AI methods to analyse their results.
We offer


The scientific objectives of the two PhD projects are to study, in the framework of the CHEOPS mission and the future PLATO mission (launch in early 2027\\), the internal structure of planets and the architecture of planetary system. The work will be based on population synthesis models of planetary system formation developed in our group, as well as generative AI based formation models. Frequent interactions with members of the TAPS group and with the above\\-mentioned CHEOPS and PLATO consortia are foreseen.  

  

The formal appointment will be for 4 years at the University of Bern. There will be a standard first year of probation. The annual salary is determined by a matrix provided by the Swiss National Fund. Child allowance and maternity/paternity leave are offered.The successful candidate will participate in group meetings, journal clubs, research discussions, attend seminars and colloquia, interact with research visitors, travel to conferences, etc., both in Bern and in SIPS. The starting date is expected to be September 2026 and is negotiable.  

  

The University of Bern is an equal opportunity employer and we particularly encourage applications from female researchers.
  
Application and Contact


To apply, please send a letter of motivation including a personal statement (max. 1 page), a curriculum vitae (max. 2 pages), a list of publications (if applicable), undergraduate and graduate transcripts and a covering letter (1 page). The complete application should be sent as a single pdf file to Yann Alibert (yann.alibert@unibe.ch) with title ”2 PhD positions in planetary science and machine learning”. It is the applicant's responsibility to ensure that 1\\-2 letters of recommendation are also sent directly to Yann Alibert by the deadline of 15 June 2026\\.  

  

Interviews for short\\-listed candidates will take place online during the first half of July 2026\\.
### **Questions about the position?**


Prof. Dr. Yann Alibert  

yann.alibert@unibe.ch
### **Questions about the application?**


Prof. Dr. Yann Alibert  

yann.alibert@unibe.ch","","https://ch.indeed.com/cmp/Universit%C3%A4t-Bern-1","https://d2q79iu7y748jz.cloudfront.net/s/_squarelogo/256x256/70d41deab4b5562e3dbe770fbbe7af56","https://www.unibe.ch/index_eng.html","Bern","5,001 to 10,000","$500M to $1B (USD)","","","","","","",""
"in-1e5702a5ca5979a9","indeed","https://ch.indeed.com/viewjob?jk=1e5702a5ca5979a9","https://career.polytype.com/en/jobs/technical-buyer-52","Technical Buyer","WIFAG-Polytype Holding AG","Fribourg, FR, CH","2026-05-04","parttime, fulltime","","","","","",True,"","","","","**Technical Buyer**
===================


##### ***Fribourg******,*** ***Switzerland***

  

At Polytype SA, we constantly push the boundaries of imagination and technology to design highly specialized printing machines. Our pursuit of excellence has earned us a global reputation and established us as a key leader in our market.


To strengthen our supply chain management department, we are looking for a technical buyer.


Join a company that offers you a stimulating work environment, attractive conditions, as well as excellent opportunities for advancement or learning alongside accomplished specialists.  



  

#### **Your missions**


* Ensure the availability of items and electrotechnical materials on time, in quality, and in the correct quantity
* Execute the entire procurement process in the ERP (request, verification, and comparison of supplier offers)
* Maintain and develop relationships with existing suppliers
* Monitor delivery times and ensure the availability of materials
* Negotiate prices and terms as well as conclude framework agreements
* Enter and update master data in the ERP system
* Collaborate closely with technical, logistics, and production teams
#### **Your profil**


* Initial training in the electrical field
* Additional training in purchasing is an asset
* Very good knowledge of French and German (oral and written), good knowledge of English
* Proficiency in MS Office; knowledge of SAP is a plus
* Structured, independent, and reliable working method
* Negotiation skills and excellent communication skills
#### **Your experience**


* Professional experience in the field of purchasing
* Experience in the machinery industry
  

### **What we offer**

  

Joining our company means growing in **a stimulating and innovative work environment**, where each day brings new challenges and opportunities. By becoming part of our team, you’ll benefit from **a dynamic setting within an international company** offering enriching prospects. We take pride in providing **attractive working conditions** that promote the well\\-being and fulfillment of our employees. In addition, we organize **events throughout the year** to strengthen team cohesion and share enjoyable moments together.

  

### **Work\\-life balance.**


Flexible schedule


Part\\-time and remote work possible depending on the roles


40 hours per week  



  

### **Social benefits**


Participation in advantageous social insurance


5 weeks of vacation minimum


Affiliation with the Swissmem CCT


### **Mobility**


Proximity to the highway, the train station, and public transportation


Free parking spaces available


Participation in the JobAbo offer (20% discount)


Charging stations for electric vehicles.


Bicycle and scooter shelter.


### **Restoration**


Corporate restaurant


Preferential rate on beverages","","https://ch.indeed.com/cmp/Wifag--polytype-Holding-Ag","","http://www.wifag-polytype.com","Bern, SZ","201 to 500","less than $1M (USD)","","","","","","",""
"in-c9671aa170131ab4","indeed","https://ch.indeed.com/viewjob?jk=c9671aa170131ab4","https://wipo.taleo.net/careersection/wp_2/jobdetail.ftl?job=26148-FT_LT&tz=GMT-05%3A00&tzname=America%2FChicago","Digital HR Lead","WORLD INTELLECTUAL PROPERTY ORGANIZATION","Genève, GE, CH","2026-05-01","","","","","","",False,"","","","","HR Data and Technology Unit, Human Resources Operations Service, Human Resources Management Department, Sector of the Director General
Grade \\- P4
Contract Duration \\- 2 years (maximum cumulative length of 5 years) \\*
Duty Station : CH\\-Geneva
Publication Date : 01\\-May\\-2026 Application Deadline : 29\\-May\\-2026, 4:59:00 PM **IMPORTANT NOTICE REGARDING APPLICATION DEADLINE**: please note that the deadline for applications is indicated in local time as per the time zone of the applicant’s location.  

This post is a limited\\-term fixed\\-term post.

 **1\\.****Organizational Context**

  

a. **Organizational Setting**  

This position is located in the HR Data and Technology Unit of the Human Resources Operations Service, Human Resources Management Department (HRMD).  

  

The HR Data and Technology Unit serves as the foundation that supports the department in its digital transformation by leveraging the power of data and technology to deliver people\\-centric HR IT and Data solutions that allow for data\\-driven decisions and technology\\-enabled business processes that meet the evolving needs of the WIPO business areas and workforce.  

b. **Purpose Statement**  

The incumbent manages the HR Data and Technology Unit, and leads the digital transformation of HRMD by defining and executing a strategic roadmap for HR data, analytics and technology.  

  

He/She will drive the evolution of HR towards a data\\-driven, AI\\-enabled and people\\-centric function, leveraging advanced analytics, emerging technologies and human\\-centered design to enhance decision\\-making, employee experience and organizational effectiveness.  

c. **Reporting Lines**  

The Digital HR Lead reports to the Head, HR Operations Service and has a technical reporting line to the Director Talent Management Service. **2\\.****Duties and Responsibilities**

  

The incumbent will perform the following principal duties: **a.**Develop and implement a strategic vision for HR data, analytics and digital transformation aligned with organizational priorities. **b.**Serve as HRMD’s subject matter expert/leader in HR data, analytics, AI and emerging HR technologies, advising senior leadership on innovation opportunities. **c.**Drive the adoption of advanced analytics and AI use cases (e.g. workforce planning, talent analytics, employee engagement insights, RPA) to enhance evidence\\-based decision\\-making. **d.**Establish modern delivery models, methods and practices for creation of data products to ensure consistent application and use of HR data and analytics solutions. **e.**Lead the AI\\-driven digital transformation and redesign of the HR business model and processes to better align with organizational priorities and to enhance employee journeys and experiences, applying user\\-centric design principles and impact driven improvement methodologies. **f.**Ensure collaboration with ICTD, data science teams and external partners to identify and implement targeted innovative solutions that advance strategic priorities (e.g. automation, AI\\-enabled tools, advanced analytics platforms). **g.**Foster a data\\-driven culture across HRMD by promoting data literacy, advanced analytics and effective data storytelling empowering human capabilities through the integration of cutting\\-edge AI solutions. **h.**Perform other duties as required. **3\\.****Requirements**

 **Education (Essential)**
Advanced university degree in Data Science, Business Administration, Computer Science, Information Management, Statistics, Mathematics, Economics or related field.  

  

A relevant first\\-level university degree in combination with two years of experience in addition to the required experience may be accepted in lieu of an advanced university degree. **Experience (Essential)**
At least seven years of relevant professional work experience with data and technology, including in a coordination role working with HR data, systems and processes.  

  

Experience in analyzing data, developing models, identifying trends and applying story\\-telling approaches, ideally in the field of talent management, such as workforce planning, diversity, performance management and employee experience.  

  

Proven experience leading digital transformation initiatives within an HR or business support function, including implementation of AI\\-driven data analytics or automation solutions.  

  

Experience in computer systems design, testing and deployment within a large organization.  

  

Experience partnering with business stakeholders to drive outcomes.  

  

Experience in managing projects. **Experience (Desirable)**
Experience in developing data and technology strategies or roadmaps for business support functions.  

  

Experience applying AI, machine learning or advanced analytics applications in HR contexts.  

  

Experience delivering HR technology solutions, including ERP implementations from a functional perspective.  

  

Experience working with agile or product management methodologies.  

  

Experience in managing team of data/business analysts. **Language (Essential)**
Excellent knowledge of written and spoken English. **Language (Desirable)**
Knowledge of other UN official languages, particularly French. **Job Related Competencies (Essential)**
Strong HR domain knowledge with excellent understanding of challenges and opportunities related to implementing people analytics solutions in complex organizational context.  

  

Solid understanding of key analytical disciplines such as predictive analytics, data mining, machine learning and statistical modelling, and their application to HR.  

  

Strong understanding of emerging technologies (e.g. artificial intelligence, automation, data platforms) and their application in HR.  

  

Ability to translate data and technological capabilities into impactful business solutions aligned with organizational objectives.  

  

Strong critical thinking and problem\\-solving skills, with the ability to navigate complexity and balance structured approaches with innovative thinking.  

  

Demonstrated innovation mindset with the ability to challenge existing approaches and drive continuous improvement.  

  

Strong interpersonal, negotiation, and collaboration skills.  

  

Ability to communicate complex technical concepts clearly and effectively to non\\-technical audiences.  

  

Demonstrated ability to coordinate complex cross\\-functional projects. **Job Related Competencies (Desirable)**
Knowledge of data science programming languages such as R, Python, SPARK, MATLAB etc..  

  

Knowledge of UN Common System ERP landscape and challenges. **4\\.****Organizational Competencies**

  

1\\. Communicating effectively.
2\\. Showing team spirit.
3\\. Demonstrating integrity.
4\\. Valuing diversity.
5\\. Producing results.
6\\. Showing service orientation.
7\\. Seeing the big picture.
8\\. Seeking change and innovation.
9\\. Developing yourself and others. **5\\.****Inform****ation**

 **Mobility:**WIPO staff members are international civil servants subject to the authority of the Director General and may be assigned to any activities, office or duty station of the Organization. Accordingly, the selected candidate may be required to move from time to time to new functions and/or to another duty station. **Annual salary****:**


Total annual salary consists of a net annual salary (net of taxes and before medical insurance and pension fund deductions) in US dollars and a post adjustment. **Please note that this estimate is for information only.**The post adjustment multiplier (cost of living allowance) is variable and subject to change (increase or decrease) without notice. The figures quoted below are based on the **April 2026** rate of **89\\.4**%

 **P4**

  

Annual salary

  

 $77,326

  

Post adjustment

  

 $69,129

  

Total Salary

  

 $146,455

  

Currency USD

  

Salaries and allowances are paid in Swiss francs at the official rate of exchange of the United Nations.


Please refer to WIPO’s Staff Regulation and Rules for detailed information concerning salaries, benefits and allowances. **Additional Information*** Initial fixed\\-term appointment of two years, renewable subject to satisfactory performance and other applicable conditions. The selected candidate’s appointment will be subject to an overall term of five years in this position, with normally no possibility of renewal beyond that term. S/he may, however, apply and be considered for other positions at WIPO.

  

This is not applicable to WIPO staff members on fixed\\-term, continuing or permanent appointments, who were recruited following a competition under Staff Regulation 4\\.10 (“Appointment Boards”).

  

This vacancy announcement may be used to fill other posts at the same grade with similar functions in accordance with Staff Rule 4\\.9\\.5\\.

  

The Organization reserves the right to make an appointment at a grade lower than that advertised.  

\\_\\_\\_\\_\\_\\_\\_\\_\\_\\_\\_\\_\\_\\_\\_\\_\\_\\_\\_\\_\\_\\_\\_\\_\\_\\_\\_\\_\\_\\_\\_\\_\\_\\_\\_\\_\\_\\_\\_\\_\\_\\_\\_\\_\\_\\_\\_\\_\\_\\_\\_\\_\\_\\_\\_\\_\\_\\_\\_\\_\\_\\_\\_\\_\\_\\_\\_  

By completing an application, candidates understand that any willful misrepresentation made on this web site, or on any other documents submitted to WIPO during the application, may result in disqualification from the recruitment process, or termination of employment with WIPO at a later date, if that employment resulted from such willful misrepresentations.

  

In the event that your candidature is shortlisted, you will be required to provide, in advance, a scanned copy of your identification and the degree(s)/diploma(s)/certificate(s) required for this position. WIPO recognizes higher educational qualifications obtained from institutions accredited/recognized in the World Higher Education Database (WHED), a list maintained by the International Association of Universities (IAU) / United Nations Educational, Scientific and Cultural Organization (UNESCO). The list can be accessed here: http://www.whed.net/. Some higher educational qualifications may not be listed in WHED, and will be reviewed on a case\\-by\\-case basis.

  

Additional testing/interviewing may be used as a form of screening. Initial appointment is subject to satisfactory professional references.  

Additional background checks may be required.","","https://ch.indeed.com/cmp/World-Intellectual-Property-Organization","https://d2q79iu7y748jz.cloudfront.net/s/_squarelogo/256x256/e1d235748d795b27c8072e509817ad06","https://www.wipo.int","Geneva","1,001 to 5,000","","","","","","","",""
"in-7b5d8dd983210c19","indeed","https://ch.indeed.com/viewjob?jk=7b5d8dd983210c19","https://careers.werecruit.io/fr/idiap/offres/postdoctoral-researcher-in-fundamental-machine-learning-9aa1f4?utm_source=indeedorganicjobs&utm_medium=job-board","Postdoctoral Researcher in Fundamental Machine Learning F/M","Machine Learning","Martigny, VS, CH","2026-04-29","fulltime","","","","","",False,"","","","","**Role Summary**
----------------


The Machine Learning Group at the Idiap Research Institute (Martigny, Switzerland) has an open position for a postdoctoral researcher to contribute to our work on fundamental questions in machine learning and deep learning. Examples of our recent work are provided below. The position is fully funded. The candidate will be expected to conduct independent research while collaborating with members of our group.

  



Various optional opportunities for career development will be available, including the possibility to co\\-supervise Master’s and PhD students, participate in ongoing collaborations with our international partners, and gain experience in the acquisition of research funding.

  



**More information**


Work time: Full time


Contract type: Temporary, 1 year (negotiable/renewable contingent on performance)


Location: Martigny, Switzerland


Start date: Flexible, 2026 or early 2027

  



Representative work of the research group


* https://openreview.net/forum?id\\=B08MW8oDqN
* https://arxiv.org/abs/2601\\.21725
* https://arxiv.org/abs/2403\\.02241

  

Inquiries can be made directly to Dr. Damien Teney profile

  

* A strong track record of rigorous research, evidenced by publications at major AI/ML/CV/NLP venues
* A PhD (or equivalent research experience) in a relevant field such as computer science, engineering, applied mathematics, physics, or related disciplines
* Strong programming skills
* Strong written and verbal communication skills in English
  

  

Idiap is a research institute of national importance that engages in fundamental research, education and technology transfer in artificial intelligence, machine learning and signal processing. Idiap offers competitive salaries and conditions in a young, high\\-quality, dynamic, and multicultural environment. Idiap is located in the town of Martigny in Valais, a scenic region in the south of Switzerland, surrounded by the highest mountains of Europe, and offering exceptional quality of life, exciting recreational activities, including hiking, climbing and skiing, as well as varied cultural activities. English is the official working language.

  

At Idiap we place great emphasis on diversity and we know diversity fosters creativity and innovation. We are committed to equality of opportunity, to being fair and inclusive, and to being a place where we all belong. Employment at Idiap is based solely on a person's merit and qualifications. Idiap does not discriminate against any employee or applicant because of race, color, religion, gender, sexual orientation, gender identity/expression, national origin, disability, age, marital status, pregnancy, or any other basis protected by law.","","https://ch.indeed.com/cmp/Machine-Learning","","","","","","","","","","","",""
"in-7e6266069463887b","indeed","https://ch.indeed.com/viewjob?jk=7e6266069463887b","https://taleez.com/apply/business-development-manager-in-optimization-sion-artelys-cdi?utm_source=Indeed","Business Development Manager in Optimization","Artelys","Sion, VS, CH","2026-04-29","fulltime","","","","","",True,"","","","","Joining Artelys means, above all, becoming part of a stimulating environment, made up of passionate experts and giving yourself the opportunity to take part in projects addressing various complex issues, notably addressing the major challenges of our time.


Artelys supports major public (ministries, metropolitan authorities, etc.) and private actors (large energy companies, industrial associations, etc.) across Europe, America and Africa on energy strategy topics.

* Brookfield Renewable commissioned Artelys to assess the optimization potential of the planning process for two of its main hydroelectric power plants. After conducting a feasibility study, Artelys implemented a software management solution based on Artelys Crystal Energy Planner to optimize the short\\-term schedules of these plants. This solution is now used operationally by Brookfield Renewable's teams.
* Artelys has been tasked by a consortium of Transmission System Operators (TSOs) with developing a modelling tool for the European electricity network, in order to coordinate TSO actions so as to increase electricity exchanges while ensuring network security. The tool is based on the open\\-source Java library PowSyBl, and calculations are distributed across an HPC cluster.
* Swissgrid recently selected Artelys Crystal Super Grid to carry out their analyses on the evolution of the Swiss electricity system (analysis of the benefits of potential grid extension projects; analysis of the system's ability to meet demand even in the event of equipment failure; etc.). Artelys is currently conducting an integration phase of the Artelys Crystal Super Grid tool into Swissgrid's IT ecosystem, in order to facilitate data exchanges and the orchestration of remote calculations.

**Job description**
-------------------


As part of our new Swiss entity's activities, you will draw on your analytical and commercial skills, your interest in energy, your network, and your commitment to supporting our clients' decision\\-making to:

* Launch the new Swiss subsidiary's activity by identifying priority commercial targets, defining commercial approach strategies, and carrying out proactive business development actions
* Actively contribute to the design and development of our offerings in the field of optimization applied to the energy and transport sectors, or other areas (e.g. pharma, finance/insurance, machine industry, etc.)
* Leverage your network and ours to participate in acquiring new clients
* Manage projects with a strong technical component (e.g. optimization, machine learning, etc.)
* Explore and develop innovative optimization methods
* Lead high\\-level engineering teams

**Profile**
-----------


We are a young and open\\-minded team with a strong interest in applied sciences, particularly mathematics.


You are the ideal candidate if:

* You hold an engineering degree (preferably with a specialization in mathematics)
* You have at least 5 years of experience in optimization or operations research, preferably in an international context, and have worked with both private and public clients
* You are comfortable in client\\-facing roles, have an established network in the energy sector, particularly in Switzerland/Europe, and are motivated by business development
* You have worked for at least 3 years as a project manager or team leader
* You have an affinity for scientific and quantitative approaches. Experience with quantitative analysis software would be a plus
* For you, decision\\-making is inseparable from rigorous and intelligent analysis
* You have a taste for innovation, an entrepreneurial mindset, and a strong focus on client needs
* Proficiency in German (Swiss German is a plus) and English is required. Proficiency in other languages is an asset (French in particular)

**Working Conditions**

* Permanent contract with a 3\\-month probationary period
* Office location: Sion
* Remote work and flexible working hours

**Recruitment process:**


Step 1: An initial technical interview via video conference with two recruiters (45 minutes x 2\\).


Step 2: A second interview via video conference with two other recruiters, as well as a brief 15\\-minute discussion with the CEO of Artelys (45 minutes x 2 \\+ 15 minutes).


Step 3: If your interviews are successful, we will invite you to visit our premises to make you an offer in person and introduce you to the work environment.

 *Artelys is committed to ensuring an inclusive recruitment process based on equal skills. All applications will be considered in an ethical and fair manner.*


  

\\> 5 ans","","https://ch.indeed.com/cmp/Artelys","","https://www.artelys.com","Paris","11 to 50","$5M to $25M (USD)","","","","","","",""
"in-460ef5d80f809c4d","indeed","https://ch.indeed.com/viewjob?jk=460ef5d80f809c4d","https://jobs.inselgruppe.ch/offene-stellen/research-position-at-the-center-for-ai-in-radiation-oncology-cairo-medical-data-semantics/b12e1777-b362-4fdd-ac97-b79796a9a47f","Research position at the Center for AI in Radiation Oncology (CAIRO) – Medical Data Semantics","Insel Gruppe","Bern, BE, CH","2026-04-29","fulltime","","","","","",False,"","","","sarah.brueningk@unibe.ch, fabio.dennstaedt@insel.ch","*The Center for AI in Radiation Oncology (CAIRO) develops data\\-driven models to improve diagnosis, treatment planning, and outcome prediction in radiation oncology. The CAIRO Data Semantics Taskforce aims to establish a comprehensive data infrastructure that captures medical information in a structured, standardized, and machine\\-readable format to facilitate training of modern AI solutions. We are seeking to expand the CAIRO Semantics team with a dedicated medical data engineer to support the curation of real\\-world data sets by harnessing modern LLM solutions, designing and curating semantic data definitions and implementing automated data analytics.*
**What you can expect**
-----------------------


* Support the design and implementation of comprehensive data models and structured information for oncology
* Define and standardize clinical, physical, biological, and technical data using Common Data Elements (CDEs)
* Develop and apply automated systems for extracting, managing, and analyzing unstructured medical data using Natural Language Processing (NLP)
* Harness Large Language Models (LLMs) and agentic AI frameworks for automated data extraction
* Conduct retrospective analyses of clinical data to support ongoing AI and clinical projects within CAIRO, leveraging experience with large clinical databases (e.g., NIS, NSQIP, SEER)
* Act as a bridge between clinical needs and technical execution, translating complex medical workflows into robust data structures
* Be a part of an active research team across disciplines in a leading university hospital


**Your Profile**
----------------


* MD, M.SC, or PhD degree in Health Informatics, Computer Science, Data Science, Medicine, Computational Biology, Biomedical Engineering, or a closely related field
* Demonstrated dual expertise, possessing both a strong technical background in data engineering/data science and medical/clinical know\\-how
* Proven track record and hands\\-on experience in data semantics, data definition, and health data structuring
* Strong background in machine learning and deep learning, particularly with NLP and LLMs applied to medical or biological data
* A demonstrable portfolio of software, open\\-source projects, or AI platforms (e.g., GitHub) is highly desired
* Fluent in English (speaking and writing)
* Experience in clinical oncology workflows or comprehensive cancer centers is highly advantageous


**What we offer**
-----------------


* A 2\\-year position (optional extension) at the level of researcher/research assistant depending on prior experience
* Integration into a multidisciplinary team at the interface of medicine and computer science
* Access to extensive clinical datasets, expert medical annotations, and state\\-of\\-the\\-art computational infrastructure
* Support for conference participation and opportunities for mentoring
* Publication opportunities in leading high\\-impact clinical, technical, and interdisciplinary journals
* Access to high\\-performance computing and clinical data environments within Inselspital and the University of Bern

  

Please submit a single PDF containing your curriculum vitae, a cover letter outlining your motivation and preferred project (1–2 pages), academic transcripts (Bachelor's and Master's), and contact information for two references or relevant letters of recommendation with corresponding contact details
Location Inselspital, Universitätsspital
Organisation
Medical division cancer


Area Department of Radiation Oncology
Workload
80 \\- 100 %


Start
Start of employment in July 2026 or by agreement


Reference
19057


Type of Contract
Temporary


Work Location
Inselspital, Universitätsspital Bern  

Freiburgstrasse, CH\\-3010 Bern  

Schweiz


  
Further information will be provided by  

  

**Sarah Brüningk**  

sarah.brueningk@unibe.ch  

  

**Fabio Dennstädt**  

fabio.dennstaedt@insel.ch","Health Care","https://ch.indeed.com/cmp/Insel-Gruppe","https://d2q79iu7y748jz.cloudfront.net/s/_squarelogo/256x256/ab74248a29022784202ddde7c317245c","https://www.inselgruppe.ch","Freiburgstrasse 18, 3010 Bern ","10,000+","","Die Insel Gruppe bildet mit ihren sechs Standorten in Bern (Inselspital, Tiefenau), Münsingen, Aarberg, Belp und Riggisberg.","","","","","",""
"in-daaa4302a576b570","indeed","https://ch.indeed.com/viewjob?jk=daaa4302a576b570","https://careers.epfl.ch/job/Lausanne-Postdoc-position-in-Gen-AI/1164622355/","Postdoc position in ""Gen AI""","EPFL","Lausanne, VD, CH","2026-04-29","fulltime","","","","","",False,"","","","alexandre.alahi@epfl.ch","The Laboratory of Visual Intelligence for Transportation (VITA) is looking for a postdoctoral researcher in the area of Generative AI.  

VITA research interests lie at the intersection of Computer Vision, Machine Learning (Deep Learning), and Human\\-Robot Interaction to redefine how machines interpret human actions, anticipate intentions, and interact seamlessly with people in various settings.  

The successful candidate will be developing new methods for Real\\-time Video Generation, digital double, human\\-like avatars.**Profile**
* PhD in Computer Vision
* Background in CS
* Research experience in gen AI, deep learning
* Strong computational and analytical skills, as well as experience handling large datasets
* Independent, creative, and solution\\-oriented
* Good interpersonal skills, team player
* Good knowledge of English (written and spoken)
**We offer**
* A dynamic and interdisciplinary research group
* A stimulating and international working environment
* Competitive salary and excellent working conditions – more information can be found on our website (https://www.epfl.ch/campus/services/human\\-resources/en/basic\\-starting\\-salary\\-of\\-doctoral\\-assistants\\-and\\-postdocs/)
* Opportunity to perform state\\-of\\-the\\-art research in one of the most dynamic scientific institutions in Europe
* Opportunity to interact with internationally renowned experts, and with a strong team of postdoctoral researchers and PhD students
**Informations**

Only applications submitted through the online platform are considered. You are asked to supply:
* A brief cover letter (pdf, up to 2 pages)


And in one PDF:
* A CV with a publication list
* A research statement (pdf, up to 3 pages)
* Contact details for 3 referees.


For any further information, please contact: Prof. Alexandre Alahi (alexandre.alahi@epfl.ch)  



Contract Start Date : As soon as possible

Activity Rate Min : 100%

Activity Rate Max : 100%

Contract Type: Fixed\\-term contract

Duration: 24 months","Education And Schools","https://ch.indeed.com/cmp/Epfl","https://d2q79iu7y748jz.cloudfront.net/s/_squarelogo/256x256/0e29643e1eb1a73f6a1bf45a28a3c271","https://www.epfl.ch","LAUSANNE, SZ","5,001 to 10,000","$500M to $1B (USD)","","","","","","",""
"in-8a83a185ff795d00","indeed","https://ch.indeed.com/viewjob?jk=8a83a185ff795d00","https://careers.epfl.ch/job/Lausanne-IT-Support-Technician/1164628955/","IT Support Technician","EPFL","Lausanne, VD, CH","2026-04-29","","","","","","",True,"","","","","**Mission**
* EPFL, the Swiss Federal Institute of Technology in Lausanne, is one of the most dynamic university campuses in Europe and ranks among the top 20 universities worldwide.
* EPFL’s School of Engineering is now looking for an IT Support Technician to join their IT support team onsite at EPFL’s Lausanne campus, with occasional work taking also place at the EPFL Neuchâtel campus.
**Main duties and responsibilities**
* IT support: You will join a small, collaborative IT support team with structured onboarding and team support, enabling you to deliver IT support to onsite and remote users either in person, or via emails, tickets, and calls, resolving both basic and progressively more complex issues.
* Hardware management: Assist clients in IT equipment purchasing and deployments (Windows, macOS, Linux) using fleet management and other tools. Diagnose and resolve hardware issues.
* Unified communications: Provide support for videoconferencing tools, rooms and events.
* IT classroom support: Set up and troubleshoot IT equipment and applications in IT classrooms.
* Software support and patch management: Install and configure software, troubleshoot application\\-related issues and manage IT software updates for end\\-user machines.
* Network access: Manage client access to the EPFL network and resolve connectivity issues.
* Documentation: Actively maintain the IT documentation \\- both internal and client facing \\- as part of the support team’s responsibilities.
* IT projects: Participate in IT infrastructure upgrades, migrations, and faculty\\-wide rollouts.
* Security: Contribute to IT security by taking care of hardware and software lifecycle.
**Profile**

Required qualifications:  

* Experience in IT support with a strong customer service approach.
* Familiarity with IT support ticket management systems (e.g. ServiceNow).
* Proficiency in deploying, managing and troubleshooting at least two of the following operating systems: Linux, macOS or Windows.
* Experience with IT hardware management (laptops, workstations, PC components).
* Experience with AV and videoconferencing tools (e.g., Zoom, Teams).
* Knowledge of concepts such as Active Directory, LDAP, and GPO.
* Good knowledge of networking fundamentals (e.g. IP addressing, firewalls, port openings, VPN).

  

  

Nice\\-to\\-have qualifications:  

* Experience in scripting (e.g. Linux: bash; or Windows: batch/powershell) or in programming languages and tools (e.g. Python, git).
* Knowledge of ITIL or similar industry best practices (incident / change management).

  

  

Your Profile:  

* Bachelors in Computer Science or CFC, with at least 3\\-5 years of working in the IT field.
* Customer\\-focused, easy to approach, calm and flexible mindset: you enjoy working with people.
* You enjoy troubleshooting problems and juggling different requests in a dynamic environment.
* Willingness to support events occasionally outside regular hours.
* Fluent in French and English; verbal and written.
* Motivated, team\\-oriented and ability to meet deadlines.
* Detail\\-oriented with a commitment to continuous learning and team collaboration.
**We offer**
* Full\\-time permanent position according to Swiss federal salary scales.
* Work at a world\\-class institution ranked in the global top 10 for engineering and technology.
* Exposure to a diverse and technically rich environment supporting researchers, engineers, and students at the forefront of science and technology.
* Opportunities to grow into more specialized roles (systems, endpoint management, automation) depending on interest and performance.
* Diverse, multicultural working environment.
* Family\\-friendly policies, including child and education allowances.
* Discounts for public transport and car sharing services at reduced prices.

  

  

**Further information:**  

* Work location: Primary work location is EPFL’s Lausanne campus. The role requires periodic presence also at EPFL Neuchâtel campus, based on client demand; travel costs are compensated according to EPFL policy.

  

  

**Ready to join our innovative team?**  

  

We invite you to apply by submitting your CV and a cover letter (in English or French) via EPFL’s official recruitment platform.**Informations**

Contract Start Date : 08/03/2026

Activity Rate : 100\\.00

Contract Type: CDI

Reference: 2186","Education And Schools","https://ch.indeed.com/cmp/Epfl","https://d2q79iu7y748jz.cloudfront.net/s/_squarelogo/256x256/0e29643e1eb1a73f6a1bf45a28a3c271","https://www.epfl.ch","LAUSANNE, SZ","5,001 to 10,000","$500M to $1B (USD)","","","","","","",""
"in-d767f0c60aa2a4e1","indeed","https://ch.indeed.com/viewjob?jk=d767f0c60aa2a4e1","https://careers.epfl.ch/job/Lausanne-PhD-Student-in-Physics-Informed-Graph-Neural-Networks-for-Wind-Turbine-Health-Monitoring/1164624755/","PhD Student in Physics-Informed Graph Neural Networks for Wind Turbine Health Monitoring","EPFL","Lausanne, VD, CH","2026-04-29","","","","","","",False,"","","","","**IMOS**

The Intelligent Maintenance and Operations Systems (IMOS) Lab at EPFL is looking for a motivated and out\\-of\\-the\\-box thinking PhD researcher, (100%, in Lausanne, fixed\\-term) starting in September or upon agreement.**Project description**

The objective of this project is to develop novel methodologies based on physics\\-informed graph neural networks (PI\\-GNNs) to understand and model the impact of operational loads on system degradation at the compenent level in complex engineering systems, with a particular focus on wind turbines.  



The research will focus on explicitly integrating physical laws, load dynamics, and degradation mechanisms into graph\\-based models, enabling a principled understanding of how operating conditions drive the evolution of system health over time. Particular emphasis will be placed on spatiotemporal modeling of interacting subsystems, where degradation emerges from coupled physical processes across components.  

The project will explore how graph\\-based representations can capture:  

* the propagation of loads and stresses across interconnected components,
* the accumulation of fatigue and damage under variable loading conditions, and
* the interaction between structural dynamics and degradation processes.
  

A central aspect of the research is the incorporation of physics\\-based inductive biases into learning architectures. This will enable the development of models that are physically consistent, interpretable, and robust under varying operating conditions, going beyond purely data\\-driven approaches.  

Applications will include complex industrial and energy systems, with a particular focus on wind turbines, where load conditions directly influence the degradation of critical components such as blades, gearboxes, and bearings. The developed methods will contribute to improving lifetime modeling, reliability assessment, and physics\\-informed predictive maintenance.  

This PhD position is part of an ERC Consolidator Grant, supporting cutting\\-edge research on physics\\-informed AI, intelligent maintenance, and the modeling of degradation processes in complex systems.
Profile

We are looking for a PhD candidate with a strong analytical background and an outstanding MSc degree in Mechanical Engineering, Computational Mechanics, Engineering Science, Physics, Applied Mathematics, or a closely related field.  



You should have a solid foundation in machine learning (e.g., deep learning) and mathematical modeling, including experience with dynamical systems or differential equations. A strong interest in modeling physical systems and degradation processes (e.g., fatigue, damage accumulation) is expected.  



Experience with graph neural networks or spatiotemporal models is highly desirable, as well as familiarity with physics\\-informed approaches that incorporate physical inductive bias into learning models.  



Knowledge of one or more of the following areas is considered a strong asset:
* Physics\\-informed machine learning and hybrid modeling approaches
* Computational mechanics, structural dynamics, or fatigue and damage modeling
* Signal processing and analysis of measurement data from physical systems
* Scientific machine learning or numerical methods for physical systems

  



Strong programming skills and the ability to work at the interface of machine learning and physics\\-based modeling of engineering systems are expected.  



We expect the candidate to be self\\-driven, with strong problem\\-solving abilities and out\\-of\\-the\\-box thinking. Professional command of English (both written and spoken) is mandatory.**Work Environment**

EPFL is one of the most dynamic university campuses in Europe, ranks among the top 20 universities worldwide and offers an exceptional working environment with very competitive salaries.  



The IMOS Lab (https://www.epfl.ch/labs/imos/ ) offers a highly motivating, interdisciplinary scientific environment with many opportunities to interact across projects and researchers, and maintains an excellent network of collaborations with industrial stakeholders and leading international universities.**Application process**

Formal applications including:
* a letter of motivation
* a CV of the candidate
* brief research statement (one page) describing your project idea in the field of reinforcement learning and health\\-aware control, making connections to your experience and related work from the literature
* transcripts of all obtained degrees (in English),
* one publication (e.g. thesis or preferably a conference or journal publication, a link is sufficient) should be submitted via the application platform.

  

  

Further information on EPFL IMOS Lab can be found under: https://www.epfl.ch/labs/imos/  

Shortlisted candidates will be invited to apply to one of the EPFL doctoral schools (e.g. EDRS, EDCE or EDEE). This parallel application process is necessary to be eligible for a PhD at EPFL. **Informations**

Activity Rate : 100\\.00

Contract Type: CDD

Duration: 1 year contract renewable (max. 6 years)

Reference: 2199","Education And Schools","https://ch.indeed.com/cmp/Epfl","https://d2q79iu7y748jz.cloudfront.net/s/_squarelogo/256x256/0e29643e1eb1a73f6a1bf45a28a3c271","https://www.epfl.ch","LAUSANNE, SZ","5,001 to 10,000","$500M to $1B (USD)","","","","","","",""
"in-df200a9b1935a177","indeed","https://ch.indeed.com/viewjob?jk=df200a9b1935a177","https://careers.epfl.ch/job/Lausanne-Postdoc-position-in-3D-Computer-Vision%2C-remote-sensing-_/1164622455/","Postdoc position in 3D Computer Vision, remote sensing ...","EPFL","Lausanne, VD, CH","2026-04-29","fulltime","","","","","",True,"","","","alexandre.alahi@epfl.ch","The Laboratory of Visual Intelligence for Transportation (VITA) is looking for a postdoctoral researcher in the area of Generative AI.

  



VITA research interests lie at the intersection of Computer Vision, Machine Learning (Deep Learning), and Human\\-Robot Interaction to redefine how machines interpret human actions, anticipate intentions, and interact seamlessly with people in various settings.

  


The successful candidate will be developing new methods for remote sensing.**Profile**
* PhD in Computer Vision
* Background in Computer Science
* Research experience in 3D Computer Vision, remote sensing and aerial imagery
* Strong computational and analytical skills, as well as experience handling large datasets
* Independent, creative, and solution\\-oriented
* Good interpersonal skills, team player
* Good knowledge of English (written and spoken)
**We offer**
* A dynamic and interdisciplinary research group
* A stimulating and international working environment
* Competitive salary and excellent working conditions – more information can be found on our website (https://www.epfl.ch/campus/services/human\\-resources/en/basic\\-starting\\-salary\\-of\\-doctoral\\-assistants\\-and\\-postdocs/)
* Opportunity to perform state\\-of\\-the\\-art research in one of the most dynamic scientific institutions in Europe.
* Opportunity to interact with internationally renowned experts, and with a strong team of postdoctoral researchers and PhD students
**Informations**

Only applications submitted through the online platform are considered. You are asked to supply:


* A brief cover letter (pdf, up to 2 pages).


And in one PDF:


* A CV with a publication list.
* A research statement (pdf, up to 3 pages).
* Contact details for 3 referees.


For any further information, please contact: Prof. Alexandre Alahi (alexandre.alahi@epfl.ch)

  



Contract Start Date : As soon as possible

Activity Rate Min : 100%

Activity Rate Max : 100%

Contract Type: Fixed\\-term contract

Duration: 24 months","Education And Schools","https://ch.indeed.com/cmp/Epfl","https://d2q79iu7y748jz.cloudfront.net/s/_squarelogo/256x256/0e29643e1eb1a73f6a1bf45a28a3c271","https://www.epfl.ch","LAUSANNE, SZ","5,001 to 10,000","$500M to $1B (USD)","","","","","","",""
"in-c9e24ee6a2dc2b16","indeed","https://ch.indeed.com/viewjob?jk=c9e24ee6a2dc2b16","https://jobdetails.nestle.com/job/Orbe-Senior-R&D-Specialist-New-System-Components/1378828933/?feedId=392933&utm_source=Indeed","Senior R&D Specialist New System Components","Nestlé","Orbe, VD, CH","2026-04-29","fulltime","","","","","",False,"","","","","The Nestlé Deep Tech Center is where we develop and evaluate cutting\\-edge technologies to accelerate Nestlé’s global innovation mission and shape the future of food and beverage at scale. Leveraging advanced robotics, new technologies, sensors, AI, machine learning and digital twins, we are driving smarter manufacturing, delivering breakthrough consumer experiences, and maximizing our research and innovation capabilities. Every project here connects you to Nestlé’s purpose: unlocking the power of food \\& beverage to enhance quality of life for individuals, families, communities, and the planet, today and for generations to come.

  

Based in Orbe, Switzerland, and complemented by our Deep Tech Hub in Shenzhen, China, our state\\-of\\-the\\-art facility fosters a collaborative working environment, with creative spaces, rapid‑prototyping labs, automated kitchens, and pilot plants, so innovation moves fast from concept to reality.

  

Ready to build technology that matters? Join us and be a force for good!

 **Position Snapshot**

  



Location: Orbe (near Lausanne), Switzerland


Company: Nestlé Deep Tech Center


Act. Rate: Full\\-Time Act. Rate 100%
  

Type of contract: Permanent contract

  

Start date : As soon as possible

 **What we offer at Nestlé**

  

International, diverse, equitable and inclusive work environment : Read more about our Nestlé Community


Opportunities to have an impact and contribute to your team’s success


Endless learning opportunities and enriching experiences


Strong mentorship for your professional growth

 **Position Summary**

  



As a **New System Component Senior Specialist**, you will support the Nestlé Deep Tech Center (DTC) in unlocking new end\\-consumer value proposition thanks to technical innovation. Reporting to the New Components \\& Connectivity Lead, you will work end‑to‑end—from early concept exploration and external technology scouting to proof‑of‑concept and launch readiness. **This role offers a unique opportunity for a creative engineer to turn disruptive technologies into tangible, consumer‑facing solutions—connecting bold innovation with meaningful human needs in a purpose‑driven organization.**

  



**A Day in the** **Life of an R\\&D Senior Specialist – Ecosystem Hardware Components**

* **Translate consumer and business needs to a technology opportunity**, translating fuzzy ideas into clear engineering hypotheses.
* **Ideate and sketch new hardware building blocks for next‑gen food \\& beverage ecosystems**—rapidly moving from concept to first feasibility checks.
* **Scout and benchmark emerging technologies**, materials, suppliers and partners; challenge the status quo and spot what can unlock a step‑change in user experience.
* **Design and prototype fast**: build early CAD concepts, run quick simulations or calculations, and iterate through form, function, manufacturability and performance.
* **Create compelling proof of concepts by combining engineering rigor with creativity**—using prototyping, test rigs, and data scripts (e.g., Python) to validate performance and de‑risk choices.
* **Shape the end‑to‑end experience**: generate UX/UI journeys using tools like Figma to ensure the hardware integrates seamlessly into a coherent product and service journey.
* **Co‑develop with IoT \\& electronics teams**: align interfaces, constraints, power/thermal requirements, sensing and connectivity so the full system works—not just one component.
* **Engage business stakeholders**: communicate trade‑offs clearly, tell the story of the concept, and turn technical insights into crisp decision points.
* **Document, learn, and level up the platform**: capture what works, what doesn’t, and convert prototypes into reusable modules, methods, and design standards.

 **What will make you successful**

  

* Strong engineering background (Master’s degree) in microsystems, mechanics or physics, with **strong track record in delivering R\\&D innovation in FMCG environments**.
* Demonstrated ability to **ideate, design, prototype and validate innovative hardware solutions**, translating disruptive ideas into credible proof‑of‑concepts.
* Highly **hands‑on mindset**, with proven experience building prototypes, developing control algorithms, and shaping early UX concepts.
* Ability to **connect technical innovation with business value**, driving informed investment \\& portfolio decisions.
* Strong collaboration mindset, able to **work across IoT, electronics and business teams**, influencing technical choices \\& end‑to‑end solutions.
* High level of technical rigor and curiosity, with a passion for innovation and **external technology scouting**.
* Excellent communication skills, capable of **synthesizing complex topics into sharp messages** for diverse stakeholders.
* Proficiency in English; additional languages are a plus.

  

Nestlé is committed to the accessibility of its recruitment process. If you require an adaptation during the recruitment process, please do let us know so we can support you effectively. All information will be treated confidentially.

  

At Nestlé, we want to help shape a better and healthier world, inspire people to live healthier lives and deliver impact at a scale and pace that makes a difference. We do this by fostering a diverse, friendly, supportive, and collaborative environment, that creates positive disruption, embraces innovation, and empowers people and teams to win. We aim to hire friendly, respectful, inspiring people who care about the people’s lives that we touch every single day.


Be a force for good. Join Nestlé and visit us on www.nestle.com.

  

\\#nestlecareerswitzerland","","https://ch.indeed.com/cmp/Nestl%C3%A9-1","https://d2q79iu7y748jz.cloudfront.net/s/_squarelogo/256x256/7f8c934833cb98ed1c5893a0ee0c9387","http://www.nestle.com","Vevey","Decline to state","more than $10B (USD)","","","","","","",""
"in-f5701d822f085cc1","indeed","https://ch.indeed.com/viewjob?jk=f5701d822f085cc1","https://jobdb.softgarden.de/jobdb/public/jobdb/posting/64425988/0/0/Data+Scientist+%28h-f-x%29+-+80-100%25.html","Data Scientist (h/f/x) - 80-100%","Vaudoise Assurances","Lausanne, VD, CH","2026-04-28","parttime","","","","","",False,"","","","","**Employeur solide et tourné vers l’avenir, la Vaudoise est l’un des assureurs leaders en Suisse. Fidèle à sa nature coopérative et à ses valeurs, elle encourage la création d’un environnement de travail sain, inclusif et inspirant, idéal pour développer votre talent.**


Fortement engagée dans sa transformation digitale, la Vaudoise Assurances continue d'investir dans l'Intelligence Artificielle. Vous nous rejoindrez pour développer la feuille de route IA représentative de la volonté de Vaudoise Assurance de créer de la valeur avec les outils IA.


Au sein de la division Data \\& IA, nous recherchons un **Data Scientist (h/f/x) 80\\-100%**, qui travaillera en étroite collaboration avec les services métiers et les équipes techniques de la transformation digitale.

 **Les missions qui vous attendent:**

* Développer, implémenter, maintenir et faire évoluer des modèles et agents IA
* Collaborer avec les représentants du métier et identifier les opportunités réalisables par les technologies liées à l’IA
* Participer à l’acceptation et la validation des livrables et vérifier la cohérence entre l’implémentation des modèles / agents et les performances attendues
* Collaborer au sein de l’équipe avec les ingénieurs IA , le product owner et le technical lead
* Conduire des études de faisabilité et réaliser les prototypes
* Être à l’écoute des évolutions dans les domaines IA y compris dans le domaine de l’IA Générative

**Votre profil:**

* Master / Doctorat (ou équivalent) en informatique, statistiques ou science des données
* Expérience d'au moins 3 ans dans la création, l'évaluation et l'optimisation de modèles et agents prédictifs à l'aide de techniques de machine Learning. Une expérience dans l’IA générative est un plus
* Excellentes compétences sur Python et SQL
* Vous avez déjà utilisé les framework de machine learning (MLFlow, Scikit\\-learn, TensorFlow, Pytorch, Langchain ) et avez les connaissances en statistiques appliquées
* La connaissance de Azure et Databricks est un plus tout comme la connaissance du monde de l'assurance
* Aptitude à expliquer des concepts techniques à des parties prenantes non techniques, en traduisant les résultats d'analyses en recommandations stratégiques
* Excellent niveau de français (C1\\) et maitrise de l'anglais (B2\\)

 **Nous vous offrons:**

* Un environnement de travail sain au sein d’une entreprise mutualiste certifiée Great Place to Work
* Des conditions attractives et des avantages sociaux compétitifs
* Une flexibilité dans l’organisation du travail
* Un cadre stimulant favorisant le développement des compétences et l’amélioration continue


Nous nous réjouissons de recevoir votre dossier de candidature complet par voie digitale (avec curriculum vitae, lettre de motivation, copie des certificats de travail et diplômes).","","https://ch.indeed.com/cmp/Vaudoise-Assurances","https://d2q79iu7y748jz.cloudfront.net/s/_squarelogo/256x256/eaf2cb972ebd5ab76f15cbdb5525b5da","https://www.vaudoise.ch/fr/carrieres/pourquoi-nous-rejoindre/culture-entreprise","Lausanne, SZ","1,001 to 5,000","$1B to $5B (USD)","","","","","","",""
"in-81a028b30c9cf859","indeed","https://ch.indeed.com/viewjob?jk=81a028b30c9cf859","https://jobs.unibe.ch/job-vacancies/phd-position-in-mechanism-informed-multimodal-ai/0575725e-07d3-4f7c-a11c-0fb2c3605bbb","PhD Position in Mechanism-Informed Multimodal AI","Universität Bern","Bern, BE, CH","2026-04-28","fulltime","","","","","",False,"","","","stavroula.mougiakakou@unibe.ch","General Information


The ARTORG Center for Biomedical Engineering Research is the University of Bern's transdisciplinary Center of Excellence for medical technology research. Its mission is to tackle unmet clinical needs and envision future diagnosis, monitoring, and treatment challenges to create viable healthcare technology solutions with imagination,  

agility, and purpose. Its projects run from discovery and basic research to clinical translation.  

  

The Artificial Intelligence in Health and Nutrition (AIHN) laboratory of the ARTORG Center has opened one Ph.D. student position in mechanism\\-informed multimodal AI models. The successful candidate will contribute to the development of next\\-generation AI methods integrating mechanistic knowledge with data\\-driven approaches within a large international research consortium. The duties of the successful candidate include interdisciplinary collaboration and research in the following topics:* Development of mechanism\\-informed multimodal AI models
* Mechanism formalisation and discovery using knowledge\\-driven, data\\-driven, and hybrid approaches
* Causal inference and modelling (e.g., Structural, Temporal, and Dynamic Causal Models)

  

The candidates will be affiliated with the University of Bern as PhD students. The positions are funded for up to 4 years. Salary will be according to Swiss University regulations. The lab offers an international environment and the possibility to conduct excellent research. The PhD project is part of a larger, international consortium and requires close collaboration with engineers, computer scientists, healthcare professionals, as well as with industrial partners.  

  

The University of Bern is located at the heart of Switzerland. Internationally connected and regionally anchored, it cultivates exchange with society and strengthens partnerships between science, medicine, business, and politics.The University of Bern is committed to a deliberate and ethical responsibility towards people, animate and inanimate nature. As an important educator, promoting enterprise and industry in the region and beyond, it distinguishes itself through problem\\-oriented research into questions of pressing social relevance. The University of Bern is an equal opportunity employer, promotes healthy work\\-life\\-balance and safe working environments, and strives to increase the number of women at all levels in its faculties.
Requirements


* MSc in computer science, engineering, applied mathematics or related field
* Strong background in machine learning
* Solid understanding of mathematical modelling, probability, and optimization
* Experience in Python and deep learning frameworks (e.g., PyTorch)
* Excellent command of English
* Commitment to multidisciplinary research


Preferred Qualifications


* Experience with causal inference methods (e.g., SCMs, Bayesian networks)
* Knowledge of dynamical systems or systems biology
* Experience with multimodal biomedical data
* Familiarity with knowledge graphs and ontologies
* Experience with generative AI models (e.g., VAEs, diffusion models, multimodal transformers)

  
Application and Contact


If you are interested in working in a group with an international, interdisciplinary profile please send the application to Prof. Stavroula Mougiakakou, stavroula.mougiakakou@unibe.ch.  

Applications should include: i) motivation letter, ii) detailed curriculum vitae, iii) abstract of the master thesis, iv) contact details of two referees. The documents should be combined into ONE pdf file.  

The start date is expected to be in July 2026\\. Applications will be reviewed until the position has been filled
### **Questions about the position?**


Please see Application and Contact
### **Questions about the application?**


Please see Application and Contact","","https://ch.indeed.com/cmp/Universit%C3%A4t-Bern-1","https://d2q79iu7y748jz.cloudfront.net/s/_squarelogo/256x256/70d41deab4b5562e3dbe770fbbe7af56","https://www.unibe.ch/index_eng.html","Bern","5,001 to 10,000","$500M to $1B (USD)","","","","","","",""
"in-a16f3f3c9d55db1e","indeed","https://ch.indeed.com/viewjob?jk=a16f3f3c9d55db1e","https://jobs.unibe.ch/job-vacancies/phd-student-in-radio-multiomics-for-chronic-lung-diseases/51efefd3-2a5d-4479-95e0-fabb2bb0cf36","PhD Student in Radio-Multiomics for Chronic Lung Diseases","Universität Bern","Bern, BE, CH","2026-04-28","fulltime","","","","","",False,"","","","-schniering@unibe.ch, -schniering@unibe.ch, -schniering@unibe.ch","Description


At the Gote\\-Schniering lab of the University of Bern, we are seeking a highly motivated PhD candidate to develop computational approaches integrating single\\-cell and spatial multiomics with CT\\-derived imaging to study disease mechanisms in chronic lung disease.  

  

Chronic lung diseases, including fibrotic lung disorders, are a major cause of morbidity and mortality worldwide and remain a key challenge for precision medicine. The project will combine single\\-cell and spatial multiomics with CT\\-derived imaging features to study disease biology across scales \\- from molecular and cellular programs to tissue architecture and whole\\-organ phenotypes. The goal is to better understand disease mechanisms and develop predictive models for precision medicine.
Tasks


* analyze and integrate multiomics datasets (e.g. sc/snRNA\\-seq, spatial transcriptomics, highly multiplexed immunofluoresence),
* combine molecular profiles with radiological / radiomic imaging features,
* develop multimodal integration and radio\\-multiomics approaches,
* apply machine learning / deep learning methods for mechanistic discovery, disease stratification, and predictive modeling,
* collaborate closely with clinicians, biologists, and computational scientists.


Requirements


* a Master's degree in Bioinformatics, Computational Biology, Systems Biology, Biomedical Engineering, or a related field,
* strong programming and data analysis skills (e.g., Python, R),
* a strong interest in translational biomedical research, disease mechanisms, and multimodal data integration,
* motivation to work in an interdisciplinary research environment.

  

The following skills are considered an advantage:* experience in medical image analysis / radiomics,
* experience with single\\-cell or spatial omics,
* knowledge of machine learning / deep learning.

  

We offer:* a highly interdisciplinary PhD project at the interface of bioinformatics, (bio\\-) medical imaging, and precision medicine,
* access to unique multimodal datasets and well\\-characterized clinical cohorts,
* a collaborative and internationally connected research environment,
* strong opportunities for scientific development, publication, and career growth.

  
Application and Contact


Please send your complete application, including motivation letter, CV, academic record incl. grades, BSc and MSc diploma, and two reference letters as a single pdf file to: janine.gote\\-schniering@unibe.ch. The deadline for application is 10\\.05\\.2026\\.
### **Questions about the position?**


For subject\\-specific questions and information about the position, please contact janine.gote\\-schniering@unibe.ch
### **Questions about the application?**


janine.gote\\-schniering@unibe.ch","","https://ch.indeed.com/cmp/Universit%C3%A4t-Bern-1","https://d2q79iu7y748jz.cloudfront.net/s/_squarelogo/256x256/70d41deab4b5562e3dbe770fbbe7af56","https://www.unibe.ch/index_eng.html","Bern","5,001 to 10,000","$500M to $1B (USD)","","","","","","",""
"in-10f584a27ba8c66d","indeed","https://ch.indeed.com/viewjob?jk=10f584a27ba8c66d","https://jobs.sicpa.com/job/Prilly-Patent-Scientist/1387988633/","Patent Scientist","SICPA","Prilly, VD, CH","2026-04-27","","","","","","",False,"","","","","**Req ID:** 29901
**Posted on:** 27 Apr 2026
**Location:**Prilly, Switzerland
**Department:** INNOVATION MANAGEMENT  

  

  

We are looking for a **Patent Scientist** to join our Research \\& Innovation Department, reporting to the Head of Innovation Management. This role will primarily focus on Detection and Digital technologies, supporting the protection and valorisation of SICPA’s intellectual property (IP) in these strategic areas. You will work at the intersection of R\\&D, Business and Operations teams, and collaborate with the Legal IP team to identify, develop and secure high\\-value innovations.  


**ROLE**  


* Contribute to protecting and valorising SICPA’s IP assets across a broad spectrum of technologies, scientific domains and business activities
* Engage and collaborate with internal inventors and technology partners to identify and extract patentable inventions, prepare technical memos and lead the preparation of patent applications or trade secrets
* Work closely with the internal patent attorneys to ensure that the scope and value of the inventions are accurately reflected in patent applications
* Assist the Legal IP team in filing and defending patent applications until patents are granted
* Contribute to address key strategic questions and imperatives regarding the patent portfolio
* Work in tandem with the Legal IP team, the Research \\& Innovation teams and the Business Units, focusing on the technical memo contents to:
	+ Formulate strategies and responses to third party observations
	+ Evaluate and mitigate third\\-party IP risks
	+ Conduct oppositions
	+ Assess IP clearance and Freedom to Operate
* Drive the patent watch, monitoring and landscaping activities as part of a global and multi\\-disciplinary competitive intelligence effort
  

**PROFILE**  


* MSc and/or PhD in Computer Science, Electrical and Electronic Engineering or Applied Physics
* Minimum 3\\-5 years’ experience in industry, ideally within an R\\&D environment
* Strong technical expertise in signal processing, machine learning and optics, with the ability to collaborate closely with researchers to identify and articulate novel inventions
* Exposure to intellectual property topics (e.g. patent searches, analysis tools) is a plus
* Excellent communication and interpersonal skills, with the ability to engage effectively with a wide range of stakeholders, including researchers, engineers, technology partners (startups, corporates, academia), patent counsels, and business teams
* Strong organizational and planning skills, with the ability to manage multiple priorities and tight deadlines in a demanding, fast\\-paced environment
* Curious, open\\-minded and keen to explore new technologies and ideas
* Strong analytical mindset with a high level of attention to detail
* Team\\-oriented, proactive, and eager to learn and contribute
* High level of integrity, with the ability to handle sensitive and confidential information
* Proficient with standard IT tools (e.g. MS Office)
* Fluent in French and English

  


**WHY JOIN US?**  


* Join a global leader in trust technologies with a mission that matters
* Be at the strategic heart of a financially sound and innovation\\-driven company
* Collaborate with high\\-level experts and work on impactful international projects
* Operate in a multi\\-cultural, high\\-integrity environment where autonomy and ownership are encouraged","Industrial Manufacturing","https://ch.indeed.com/cmp/Sicpa","","http://www.sicpa.com","Avenue de Florissant 41
1008 Prilly
Switzerland","1,001 to 5,000","","","","","","","",""
"in-c3bf50237b82d2db","indeed","https://ch.indeed.com/viewjob?jk=c3bf50237b82d2db","https://jobdetails.nestle.com/job/Orbe-Smart-Sensors-and-Embedded-Systems-Development-Intern/1387891733/?feedId=392933&utm_source=Indeed","Smart Sensors and Embedded Systems Development Intern","Nestlé","Orbe, VD, CH","2026-04-27","fulltime, internship","","","","","",False,"","","","","The Nestlé Deep Tech Center is where we develop and evaluate cutting\\-edge technologies to accelerate Nestlé’s global innovation mission and shape the future of food at scale. Leveraging advanced robotics and sensor technologies, AI, machine learning and digital twins, we are driving smarter manufacturing, delivering breakthrough consumer experiences, and maximizing our research and innovation capabilities. Every project here connects you to Nestlé’s purpose: unlocking the power of food to enhance quality of life for individuals, families, communities, and the planet, today and for generations to come.

  

Based in Orbe, Switzerland, and complemented by our Deep Tech Hub in Shenzhen, China, our state\\-of\\-the\\-art facility fosters a collaborative working environment, with creative spaces, rapid‑prototyping labs, automated kitchens, and pilot plants, so innovation moves fast from concept to reality.

  

Ready to build technology that matters? Join us and be a force for good!

 **Position Snapshot**

  



Location: Orbe (near Lausanne), Switzerland


Company: Nestlé Deep Tech Center


Act. Rate: Full\\-Time Act. Rate 100%
  

Type of contract: Internship, 6 months


Start date : July 2026

 **What we offer at Nestlé**

  

International, diverse, equitable and inclusive work environment : Read more about our Nestlé Community


Opportunities to have an impact and contribute to your team’s success


Endless learning opportunities and enriching experiences


Strong mentorship for your professional growth

 **Position Summary**

  



As an intern, you will contribute to the development of **next‑generation smart sensors integrated into wearable devices**, with a focus on **non‑invasive monitoring technologies**. You will support the scouting, testing, and evaluation of sensor technologies (optical, electrical, bio impedance, and spectroscopic), generate high‑quality synchronized data, and help assess sensor robustness and scalability for real‑world applications. The position offers hands‑on exposure to **sensor integration, data acquisition, and early‑stage AI‑driven analysis**, at the interface between hardware, software, and consumer health innovation.

  

This role offers a hands‑on introduction to **wearable sensor development at the intersection of hardware, data, and consumer health**, and exposure to how early‑stage technologies can be translated toward scalable industrial and consumer applications

  

The role reports directly to the R\\&D Expert in the Innovation Acceleration group.

 **A Day in the Life of a Smart Sensors and Embedded Systems Development Intern**

* Scouting and evaluating emerging smart sensor technologies for wearable integration
* Development of Electronics, Firmware and Software to control the sensors
* Development of Laboratory setups related to the targeted application
* Performing bench‑scale and pilot‑level testing of sensor systems
* Generating and synchronizing physical sensor data for further analysis
* Assessing robustness, repeatability, and scalability of sensors for real‑world deployment
* Supporting connectivity, automation, and data acquisition workflows in wearable systems
* Analyzing collected data and preparing clear technical documentation and reports

 **What will make you successful**

  

* Currently enrolled in or recently graduated from a Master’s in Electronics, Embedded Systems, Robotics, Micro\\-Technics or related field
* Ability to develop firmware and software with C\\+\\+, Python, Micro\\-Python language, (Linux being a \\+)
* Knowledge of Edge AI Environments and Tools is plus
* Ability to plan, run, and troubleshoot experiments, while confidently interpreting data outcomes
* Strong collaboration skills, enabling effective work with cross‑functional teams in the Deep Tech and Nestlé Research Center
* Familiarity with sensor setup design, device connectivity, embedded system and data acquisition systems
* Hands‑on experience with mechanical design experience is a plus
* Interest in novel smart sensors, MEMS technologies, and bio sensors
* Fluency in English, written and spoken

  

Nestlé is committed to the accessibility of its recruitment process. If you require an adaptation during the recruitment process, please do let us know so we can support you effectively. All information will be treated confidentially.

  

At Nestlé, we want to help shape a better and healthier world, inspire people to live healthier lives and deliver impact at a scale and pace that makes a difference. We do this by fostering a diverse, friendly, supportive, and collaborative environment, that creates positive disruption, embraces innovation, and empowers people and teams to win. We aim to hire friendly, respectful, inspiring people who care about the people’s lives that we touch every single day.

  

Be a force for good. Join Nestlé and visit us on www.nestle.com.","","https://ch.indeed.com/cmp/Nestl%C3%A9-1","https://d2q79iu7y748jz.cloudfront.net/s/_squarelogo/256x256/7f8c934833cb98ed1c5893a0ee0c9387","http://www.nestle.com","Vevey","Decline to state","more than $10B (USD)","","","","","","",""
"in-4775e902dbb625f7","indeed","https://ch.indeed.com/viewjob?jk=4775e902dbb625f7","https://www.amazon.jobs/jobs/10385137/delivery-consultant--machine-learning-genai-proserve-emea?cmpid=DA_INAD200785B","Delivery Consultant - Machine Learning (GenAI), ProServe EMEA","Amazon Web Services","Genève, GE, CH","2026-04-01","fulltime","","","","","",False,"","","","","**DESCRIPTION**
---------------


Are you looking to work at the forefront of Machine Learning and AI? Would you be excited to apply Generative AI algorithms to solve real world problems with significant impact? The AWS Industries Team at AWS helps AWS customers implement Generative AI solutions and realize transformational business opportunities for AWS customers in the most strategic industry verticals. This is a team of data scientists, engineers, and architects working step\\-by\\-step with customers to build bespoke solutions that harness the power of generative AI.  

  

The team helps customers imagine and scope the use cases that will create the greatest value for their businesses, select and train and fine tune the right models, define paths to navigate technical or business challenges, develop proof\\-of\\-concepts, and build applications to launch these solutions at scale. The AWS Industries team provides guidance and implements best practices for applying generative AI responsibly and cost efficiently.  

  

You will work directly with customers and innovate in a fast\\-paced organization that contributes to game\\-changing projects and technologies. You will design and run experiments, research new algorithms, and find new ways of optimizing risk, profitability, and customer experience.  

  

In this role you will be capable of using GenAI and other techniques to design, evangelize, and implement and scale solutions for never\\-before\\-solved problems.  

  

Key job responsibilities  

Design and implement complex, scalable, and secure AWS solutions tailored to customer needs.  

  

Collaborate with stakeholders to gather requirements and propose effective migration strategies.  

  

Providing technical guidance and troubleshooting support throughout project delivery.  

  

Act as a trusted advisor to customers on industry trends and emerging technologies.  

  

Sharing knowledge within the organization through mentoring, training, and creating reusable artifacts.  

  

About the team  

Diverse Experiences  

Amazon values diverse experiences. Even if you do not meet all of the preferred qualifications and skills listed in the job description, we encourage candidates to apply. If your career is just starting, hasn’t followed a traditional path, or includes alternative experiences, don’t let it stop you from applying.  

  

Why AWS  

Amazon Web Services (AWS) is the world’s most comprehensive and broadly adopted cloud platform. We pioneered cloud computing and never stopped innovating — that’s why customers from the most successful startups to Global 500 companies trust our robust suite of products and services to power their businesses.  

  

Work/Life Balance  

We value work\\-life harmony. Achieving success at work should never come at the expense of sacrifices at home, which is why we strive for flexibility as part of our working culture. When we feel supported in the workplace and at home, there’s nothing we can’t achieve in the cloud.
  

  

Inclusive Team Culture  

Here at AWS, it’s in our nature to learn and be curious. Our employee\\-led affinity groups foster a culture of inclusion that empower us to be proud of our differences.
  

  

Mentorship and Career Growth  

We’re continuously raising our performance bar as we strive to become Earth’s Best Employer. That’s why you’ll find endless knowledge\\-sharing, mentorship and other career\\-advancing resources here to help you develop into a better\\-rounded professional.


**BASIC QUALIFICATIONS**
------------------------

* 3\\+ years of AI and ML experience and data querying languages (e.g. SQL), scripting languages (e.g. Python) or statistical/mathematical software (e.g. R, SAS, Matlab, etc.)
* 3\\+ years of cloud architecture and implementation experience . Proven track record in designing and developing end\\-to\\-end Machine Learning and Generative AI solutions, from conception to deployment. Experience in applying best practices and evaluating alternative and complementary ML and foundational models suitable for given business contexts. Bachelor's degree in a quantitative field such as statistics, mathematics, data science, business analytics, economics, finance, engineering, or computer science or equivalent experience. Knowledge of data modeling principles, statistical analysis methodologies, and demonstrated ability to extract meaningful insights from complex, large\\-scale datasets.

**PREFERRED QUALIFICATIONS**
----------------------------

* AWS experience preferred, with proficiency in a wide range of AWS services (e.g., Bedrock, SageMaker, EC2, S3, Lambda, IAM, VPC, CloudFormation) AWS Associate level certifications (e.g., Machine Learning Specialty, Machine Learning Engineer Associate, Solutions Architect Professional) preferred.
* Experience with automation and scripting (e.g., Terraform, Python). Knowledge of security and compliance standards (e.g., HIPAA, GDPR). Strong communication skills with the ability to explain technical concepts to both technical and non\\-technical audiences.
* Experience in developing and optimizing foundation models (LLMs), including fine\\-tuning, continuous training,and implementation of AI systems.

  

Amazon is an equal opportunities employer. We believe passionately that employing a diverse workforce is central to our success. We make recruiting decisions based on your experience and skills. We value your passion to discover, invent, simplify and build. Protecting your privacy and the security of your data is a longstanding top priority for Amazon. Please consult our Privacy Notice (https://www.amazon.jobs/en/privacy\\_page) to know more about how we collect, use and transfer the personal data of our candidates.  

  

Our inclusive culture empowers Amazonians to deliver the best results for our customers. If you have a disability and need a workplace accommodation or adjustment during the application and hiring process, including support for the interview or onboarding process, please visit https://amazon.jobs/content/en/how\\-we\\-hire/accommodations for more information. If the country/region you’re applying in isn’t listed, please contact your Recruiting Partner.","","https://ch.indeed.com/cmp/Amazon-Web-Services-05cb4ad1","https://d2q79iu7y748jz.cloudfront.net/s/_squarelogo/256x256/744e8603d216350c9c1d21837f2ed7a6","https://aws.amazon.com/careers/why-aws/","Seattle, WA","Decline to state","more than $10B (USD)","Amazon Web Services (AWS) offers the world’s most comprehensive and broadly adopted cloud platform, with over 200 powerful services that enable our customers and our people to make more of an impact. ","","","","","",""
"li-4410229467","linkedin","https://www.linkedin.com/jobs/view/4410229467","","Data Scientist","Caterpillar Inc.","Geneva, Geneva, Switzerland","2026-05-04","","","","","","",False,"","","","","","","https://www.linkedin.com/company/caterpillar-inc","","","","","","","","","","","",""
"li-4409899006","linkedin","https://www.linkedin.com/jobs/view/4409899006","","Career Starter Data Science (m/w/d)","SBB CFF FFS","Bern, Berne, Switzerland","2026-05-03","","","","","","",False,"","","","","","","https://ch.linkedin.com/company/sbb","","","","","","","","","","","",""
"li-4379027544","linkedin","https://www.linkedin.com/jobs/view/4379027544","","Senior AI Engineer","Nexthink","Lausanne, Vaud, Switzerland","2026-05-03","","","","","","",False,"","","","","","","https://ch.linkedin.com/company/nexthink","","","","","","","","","","","",""
"li-4387989630","linkedin","https://www.linkedin.com/jobs/view/4387989630","","AI & Computer Vision Intern - Data augmentation","Harmattan AI","Lausanne, Vaud, Switzerland","2026-05-02","","","","","","",False,"","","","","","","https://fr.linkedin.com/company/harmattan-ai","","","","","","","","","","","",""
"li-4409182412","linkedin","https://www.linkedin.com/jobs/view/4409182412","","AI / Machine Learning Intern","ACE & Company","Geneva, Switzerland","2026-05-01","","","","","","",False,"","","","","","","https://ch.linkedin.com/company/ace-and-company","","","","","","","","","","","",""
"li-4378381798","linkedin","https://www.linkedin.com/jobs/view/4378381798","","Computer Vision R&D Internship","Intuitive","Aubonne, Vaud, Switzerland","2026-05-01","","","","","","",False,"","","","","","","https://www.linkedin.com/company/intuitivesurgical","","","","","","","","","","","",""
"li-4406481987","linkedin","https://www.linkedin.com/jobs/view/4406481987","","AI Talent Pool – Future Opportunities (Switzerland & Europe)","Westhouse Schweiz AG","Geneva, Switzerland","2026-04-30","","","","","","",False,"","","","","","","https://ch.linkedin.com/company/westhouse-schweiz-ag","","","","","","","","","","","",""
"li-4407595438","linkedin","https://www.linkedin.com/jobs/view/4407595438","","Junior Machine Learning Engineer (Internship)","Visium","Lausanne, Vaud, Switzerland","2026-04-28","","","","","","",False,"","","","","","","https://ch.linkedin.com/company/visium-sa","","","","","","","","","","","",""
"li-4407896062","linkedin","https://www.linkedin.com/jobs/view/4407896062","","AI Research Engineer","Nexthink","Lausanne, Vaud, Switzerland","2026-04-28","","","","","","",False,"","","","","","","https://ch.linkedin.com/company/nexthink","","","","","","","","","","","",""
"li-4406244003","linkedin","https://www.linkedin.com/jobs/view/4406244003","","AI Research Engineers - Apertus Initiative","EPFL","","2026-04-27","","","","","","",False,"","","","","","","https://ch.linkedin.com/school/epfl/","","","","","","","","","","","",""
"li-4407501163","linkedin","https://www.linkedin.com/jobs/view/4407501163","","Artificial Intelligence Engineer","J. Safra Sarasin","Geneva, Geneva, Switzerland","2026-04-27","","","","","","",False,"","","","","","","https://ch.linkedin.com/company/jsafrasarasin","","","","","","","","","","","",""
"li-4382112194","linkedin","https://www.linkedin.com/jobs/view/4382112194","","Computer Vision Engineer","Harmattan AI","Lausanne, Vaud, Switzerland","2026-04-26","","","","","","",False,"","","","","","","https://fr.linkedin.com/company/harmattan-ai","","","","","","","","","","","",""
"li-4390872988","linkedin","https://www.linkedin.com/jobs/view/4390872988","","Machine Learning Engineer","Proton","Geneva, Geneva, Switzerland","2026-04-24","","","","","","",False,"","","","","","","https://ch.linkedin.com/company/protonprivacy","","","","","","","","","","","",""
"li-4403618252","linkedin","https://www.linkedin.com/jobs/view/4403618252","","Data Scientist","Akkodis","Geneva, Geneva, Switzerland","2026-04-23","","","","","","",False,"","","","","","","https://www.linkedin.com/company/akkodis","","","","","","","","","","","",""
"li-4162279909","linkedin","https://www.linkedin.com/jobs/view/4162279909","","Research Scientist (Machine Learning), Lausanne","Isomorphic Labs","Lausanne, Vaud, Switzerland","2026-04-22","","","","","","",False,"","","","","","","https://uk.linkedin.com/company/isomorphic-labs","","","","","","","","","","","",""
"li-4402471666","linkedin","https://www.linkedin.com/jobs/view/4402471666","","Data Scientist (H/F)","ROLEX","Geneva, Geneva, Switzerland","2026-04-22","","","","","","",False,"","","","","","","https://ch.linkedin.com/company/rolex","","","","","","","","","","","",""
"li-4406562259","linkedin","https://www.linkedin.com/jobs/view/4406562259","","Data Scientist (h/f/x) - 80-100%","Vaudoise Assurances","Lausanne, Vaud, Switzerland","","","","","","","",False,"","","","","","","https://ch.linkedin.com/company/vaudoise-assurances","","","","","","","","","","","",""
"li-4388963597","linkedin","https://www.linkedin.com/jobs/view/4388963597","","Stagiaire Data Scientist","CHANEL","Geneva, Geneva, Switzerland","","","","","","","",False,"","","","","","","https://uk.linkedin.com/company/chanel","","","","","","","","","","","",""
"li-4408415385","linkedin","https://www.linkedin.com/jobs/view/4408415385","","Applied Physicist (TE-MPE-PE-2026-85-GRAP)","CERN","Geneva, Geneva, Switzerland","","","","","","","",False,"","","","","","","https://ch.linkedin.com/company/cern","","","","","","","","","","","",""
"li-4408865030","linkedin","https://www.linkedin.com/jobs/view/4408865030","","Responsable Data Transformation & AI Center of Excellence (h/f) 80-100%","Groupe Mutuel","Lausanne, Vaud, Switzerland","","","","","","","",False,"","","","","","","https://ch.linkedin.com/company/groupemutuel","","","","","","","","","","","",""
